team,squad_value_eur_m,as_of
Algeria,257,2026-06
Argentina,808,2026-06
Australia,77,2026-06
Austria,245,2026-06
Belgium,548,2026-06
Bolivia,25,2026-06
Bosnia and Herzegovina,146,2026-06
Brazil,928,2026-06
Cameroon,280,2026-06
Canada,199,2026-06
Cape Verde,49,2026-06
Chile,150,2026-06
Colombia,302,2026-06
Costa Rica,40,2026-06
Croatia,387,2026-06
Curacao,26,2026-06
Czech Republic,188,2026-06
DR Congo,144,2026-06
Denmark,320,2026-06
Ecuador,369,2026-06
Egypt,116,2026-06
England,1360,2026-06
France,1520,2026-06
Germany,947,2026-06
Ghana,235,2026-06
Haiti,56,2026-06
Iran,32,2026-06
Iraq,21,2026-06
Italy,700,2026-06
Ivory Coast,522,2026-06
Japan,271,2026-06
Jordan,20,2026-06
Mexico,192,2026-06
Morocco,448,2026-06
Netherlands,754,2026-06
New Zealand,34,2026-06
Nigeria,280,2026-06
Norway,590,2026-06
Panama,35,2026-06
Paraguay,154,2026-06
Peru,90,2026-06
Poland,320,2026-06
Portugal,1010,2026-06
Qatar,20,2026-06
Saudi Arabia,41,2026-06
Scotland,170,2026-06
Senegal,478,2026-06
Serbia,300,2026-06
South Africa,49,2026-06
South Korea,139,2026-06
Spain,1220,2026-06
Sweden,406,2026-06
Switzerland,333,2026-06
Tunisia,70,2026-06
Turkey,474,2026-06
United States,386,2026-06
Uruguay,359,2026-06
Uzbekistan,85,2026-06
Venezuela,120,2026-06
