year,team,avg_age,age_std,n_players
1930,United States,27.24,4.96,17
1930,Bolivia,25.76,4.1,16
1930,Brazil,25.13,3.93,25
1930,Uruguay,26.83,2.84,23
1930,Mexico,25.5,6.39,18
1930,France,25.34,5.58,17
1930,Argentina,25.52,5.17,24
1930,Chile,26.49,3.1,20
1930,Peru,25.47,6.39,22
1930,Paraguay,26.35,4.47,17
1930,Belgium,26.61,6.37,17
1930,Romania,24.22,3.93,17
1930,Yugoslavia,22.12,3.03,17
1934,Italy,29.05,5.27,23
1934,Netherlands,26.02,5.45,23
1934,Spain,26.52,5.56,23
1934,Hungary,25.67,4.53,23
1934,Belgium,25.85,5.51,23
1934,Argentina,24.19,2.78,14
1934,Switzerland,24.91,3.49,19
1934,Sweden,27.75,4.15,18
1934,United States,29.58,8.66,19
1934,Germany,25.21,4.65,23
1934,Egypt,24.88,5.0,13
1934,Brazil,24.67,4.09,18
1934,Austria,27.33,6.27,23
1934,Romania,26.14,4.77,17
1934,France,25.56,5.34,23
1934,Czechoslovakia,26.94,5.15,19
1938,Cuba,25.82,3.17,13
1938,Netherlands,26.05,6.63,23
1938,Hungary,28.69,7.03,24
1938,France,27.56,6.33,23
1938,Norway,26.96,4.43,22
1938,Switzerland,26.31,3.42,21
1938,Sweden,26.87,5.19,22
1938,Czechoslovakia,26.75,5.25,23
1938,Belgium,26.51,4.76,23
1938,Italy,27.12,6.07,23
1938,Poland,25.92,5.42,24
1938,Brazil,26.6,3.88,23
1938,Romania,27.29,5.29,23
1938,Germany,27.02,4.25,23
1938,Dutch East Indies,25.17,3.74,16
1950,Bolivia,26.37,2.98,20
1950,United States,28.65,7.65,18
1950,Uruguay,26.31,4.95,23
1950,Paraguay,27.13,6.31,19
1950,Brazil,28.02,4.03,23
1950,Spain,28.1,3.55,23
1950,England,29.21,3.31,22
1950,Mexico,26.14,3.48,22
1950,Switzerland,28.37,3.57,20
1950,Chile,25.98,4.21,22
1950,Italy,28.13,5.97,23
1950,Sweden,28.18,4.89,19
1950,Yugoslavia,28.21,4.53,23
1954,Turkey,24.4,3.94,23
1954,Yugoslavia,27.68,4.71,23
1954,Czechoslovakia,27.67,5.79,25
1954,West Germany,29.28,6.93,23
1954,Mexico,26.83,4.37,23
1954,France,26.49,3.62,23
1954,South Korea,30.68,5.15,20
1954,Belgium,27.95,6.71,23
1954,Scotland,27.27,4.26,23
1954,Brazil,26.81,5.07,23
1954,Austria,27.47,4.66,23
1954,England,29.22,5.27,23
1954,Italy,29.46,8.73,25
1954,Hungary,27.41,5.52,23
1954,Switzerland,28.19,5.73,23
1954,Uruguay,27.78,5.95,23
1958,Argentina,29.3,6.89,23
1958,Mexico,27.52,5.25,23
1958,Paraguay,25.37,6.93,21
1958,England,26.07,5.65,23
1958,Wales,26.26,5.29,23
1958,Austria,28.46,5.45,23
1958,France,29.67,7.06,24
1958,Brazil,26.81,5.73,23
1958,Northern Ireland,28.29,5.15,23
1958,Hungary,27.88,4.75,23
1958,Czechoslovakia,26.23,4.52,23
1958,Yugoslavia,26.78,5.52,22
1958,Scotland,28.37,4.51,23
1958,Sweden,30.32,6.1,23
1958,Soviet Union,27.55,5.42,23
1958,West Germany,28.72,8.26,23
1962,Bulgaria,26.01,5.95,23
1962,Uruguay,26.4,6.78,23
1962,Switzerland,29.82,6.59,23
1962,Hungary,26.45,6.35,23
1962,Italy,27.88,9.5,24
1962,Spain,29.06,6.38,23
1962,England,27.07,5.11,23
1962,Czechoslovakia,27.24,6.05,23
1962,Yugoslavia,27.21,5.38,24
1962,West Germany,27.57,8.58,23
1962,Soviet Union,26.99,5.98,23
1962,Colombia,27.09,4.83,23
1962,Argentina,26.23,4.33,23
1962,Brazil,28.92,6.56,23
1962,Mexico,27.14,5.15,23
1962,Chile,25.91,4.83,23
1966,Uruguay,28.14,8.71,23
1966,Brazil,28.04,8.12,23
1966,France,26.96,4.67,23
1966,North Korea,23.58,4.08,23
1966,Bulgaria,27.75,6.92,23
1966,Mexico,26.33,5.49,23
1966,Chile,26.54,4.67,23
1966,England,27.88,4.96,23
1966,Soviet Union,27.29,5.85,23
1966,Switzerland,28.28,6.98,23
1966,Argentina,27.08,4.77,23
1966,Hungary,27.49,6.32,23
1966,Italy,26.61,4.48,23
1966,Spain,27.66,5.12,23
1966,West Germany,26.61,5.82,23
1966,Portugal,28.59,5.58,23
1970,Belgium,27.24,5.01,23
1970,Romania,26.41,5.42,23
1970,Bulgaria,27.18,4.98,23
1970,Czechoslovakia,26.41,5.41,23
1970,England,28.62,5.51,23
1970,Italy,28.32,5.45,23
1970,Sweden,27.19,3.39,23
1970,Soviet Union,28.5,7.79,23
1970,Israel,25.46,5.14,23
1970,West Germany,28.9,6.04,23
1970,Peru,27.21,4.31,23
1970,Uruguay,26.75,4.76,23
1970,El Salvador,26.53,4.55,23
1970,Morocco,25.88,3.48,20
1970,Brazil,25.66,4.48,23
1970,Mexico,27.39,3.68,23
1974,Brazil,26.85,4.43,23
1974,Italy,29.93,6.26,23
1974,Argentina,27.21,4.17,23
1974,Zaire,26.45,3.36,23
1974,Chile,28.74,5.49,23
1974,Uruguay,28.24,7.95,23
1974,Bulgaria,26.91,4.73,23
1974,Haiti,27.07,5.49,23
1974,Yugoslavia,26.46,4.79,23
1974,West Germany,28.57,6.92,23
1974,Australia,27.99,3.71,23
1974,Netherlands,27.93,4.99,23
1974,Sweden,28.9,6.72,23
1974,Scotland,27.11,5.38,23
1974,Poland,25.94,6.39,23
1974,East Germany,27.36,5.86,23
1978,Peru,28.15,5.76,23
1978,Iran,26.37,4.43,23
1978,Netherlands,29.26,6.3,23
1978,Austria,27.54,5.03,23
1978,Spain,28.27,5.62,23
1978,France,27.14,4.83,23
1978,Hungary,28.55,7.89,23
1978,Tunisia,26.32,3.5,23
1978,Mexico,25.33,5.88,23
1978,Italy,27.49,6.13,23
1978,Poland,26.83,4.63,23
1978,Brazil,26.11,4.08,23
1978,Sweden,28.61,7.44,23
1978,Argentina,26.79,3.56,23
1978,West Germany,28.88,7.97,23
1978,Scotland,28.73,4.74,23
1982,Kuwait,25.57,4.47,23
1982,France,27.98,5.51,23
1982,Hungary,28.5,4.51,23
1982,Argentina,27.92,4.62,23
1982,Algeria,28.09,5.03,24
1982,Peru,29.68,8.5,23
1982,Cameroon,28.51,5.78,23
1982,Scotland,28.72,7.1,23
1982,Brazil,28.04,5.31,23
1982,Northern Ireland,28.54,6.3,23
1982,England,29.93,7.38,23
1982,Italy,28.44,7.14,23
1982,Poland,26.53,4.33,23
1982,El Salvador,27.07,3.89,21
1982,Chile,28.79,5.04,23
1982,Spain,28.08,6.04,23
1982,Austria,28.12,6.56,23
1982,West Germany,27.77,6.84,23
1982,Yugoslavia,27.47,6.31,23
1982,New Zealand,27.04,4.94,23
1982,Honduras,27.12,5.08,23
1982,Belgium,29.03,7.38,23
1982,Soviet Union,27.22,7.73,23
1982,Czechoslovakia,28.93,4.75,23
1986,Mexico,26.71,4.45,23
1986,Argentina,27.79,5.5,23
1986,Canada,27.01,6.01,23
1986,Brazil,28.33,7.22,23
1986,South Korea,27.05,5.0,23
1986,Paraguay,27.51,5.29,23
1986,Algeria,28.75,3.43,23
1986,France,28.43,3.82,23
1986,Morocco,27.66,6.48,23
1986,Bulgaria,27.07,5.2,23
1986,Northern Ireland,28.24,7.39,23
1986,Italy,28.95,7.03,23
1986,England,27.97,6.21,23
1986,Spain,28.45,8.23,23
1986,Belgium,29.0,8.31,23
1986,Soviet Union,27.28,5.25,23
1986,Uruguay,27.95,6.58,23
1986,Scotland,28.3,4.69,23
1986,Hungary,27.89,4.7,23
1986,Denmark,28.8,5.7,23
1986,West Germany,28.78,4.35,23
1986,Poland,27.63,4.42,23
1986,Portugal,28.79,5.86,23
1986,Iraq,28.09,5.95,23
1990,Austria,25.92,4.32,23
1990,Colombia,26.99,4.27,23
1990,Italy,28.25,6.84,23
1990,Brazil,27.25,3.7,23
1990,Yugoslavia,27.72,5.97,23
1990,Soviet Union,29.2,5.49,23
1990,Spain,27.53,6.3,23
1990,Sweden,26.18,4.21,23
1990,England,29.39,6.84,24
1990,West Germany,28.41,4.67,23
1990,Uruguay,27.88,5.1,23
1990,Scotland,28.37,4.66,23
1990,Belgium,29.06,9.01,23
1990,Czechoslovakia,28.83,6.02,23
1990,Romania,27.25,6.67,23
1990,Argentina,28.63,5.81,24
1990,Netherlands,28.09,5.3,23
1990,Ireland,30.0,6.37,23
1990,Costa Rica,27.42,5.32,23
1990,Egypt,28.38,6.17,23
1990,United States,25.13,5.53,23
1990,Cameroon,28.13,5.95,23
1990,United Arab Emirates,26.32,5.13,23
1990,South Korea,28.14,4.35,23
1994,Cameroon,28.35,7.25,23
1994,Nigeria,27.23,6.61,23
1994,South Korea,28.0,5.46,23
1994,Colombia,28.13,5.12,23
1994,Argentina,28.81,5.57,23
1994,Saudi Arabia,25.42,6.79,23
1994,Belgium,30.29,5.46,23
1994,Ireland,30.36,7.55,23
1994,Bolivia,28.15,5.59,23
1994,Bulgaria,29.11,4.91,23
1994,Germany,29.76,4.66,23
1994,Norway,28.0,6.18,23
1994,Mexico,29.13,5.22,23
1994,United States,27.78,6.09,23
1994,Russia,27.38,5.95,23
1994,Spain,27.39,4.78,23
1994,Brazil,28.82,5.83,23
1994,Switzerland,29.12,5.17,23
1994,Netherlands,28.18,5.25,23
1994,Sweden,26.71,5.79,23
1994,Morocco,27.31,4.56,23
1994,Romania,25.94,4.54,23
1994,Greece,30.27,7.43,23
1994,Italy,28.78,5.18,23
1998,Saudi Arabia,27.47,7.28,24
1998,Denmark,30.47,6.21,23
1998,Nigeria,27.65,6.9,23
1998,South Korea,27.49,5.51,24
1998,Spain,28.05,5.63,23
1998,Paraguay,27.68,5.57,23
1998,Mexico,28.5,6.83,23
1998,Bulgaria,29.21,6.04,23
1998,Belgium,30.65,5.93,23
1998,Yugoslavia,29.19,5.87,23
1998,Germany,31.12,5.49,23
1998,United States,29.36,4.13,23
1998,Tunisia,27.48,5.95,23
1998,Japan,26.6,4.58,23
1998,Colombia,28.7,4.76,23
1998,Iran,28.53,6.9,23
1998,Netherlands,28.0,5.88,23
1998,Argentina,27.3,4.72,23
1998,England,28.59,4.96,23
1998,Croatia,29.54,8.4,23
1998,Romania,29.27,5.15,23
1998,Jamaica,27.28,5.37,23
1998,Scotland,30.98,6.73,23
1998,Chile,28.29,6.4,23
1998,South Africa,26.84,4.69,24
1998,Norway,29.32,6.55,23
1998,Italy,29.21,8.57,23
1998,Brazil,29.53,8.79,23
1998,Morocco,27.81,5.45,23
1998,Cameroon,24.86,6.96,23
1998,Austria,30.31,4.62,23
1998,France,28.57,6.91,23
2002,France,30.18,7.29,24
2002,Cameroon,26.53,6.69,24
2002,China,27.69,7.36,24
2002,South Africa,27.61,5.42,24
2002,Senegal,26.43,5.82,24
2002,England,28.3,7.54,24
2002,Italy,29.62,7.54,24
2002,Poland,29.65,4.98,24
2002,Costa Rica,28.05,5.05,24
2002,Belgium,30.84,7.49,24
2002,Saudi Arabia,27.54,6.42,24
2002,Nigeria,25.6,9.19,24
2002,South Korea,28.32,6.95,24
2002,Spain,27.94,5.42,24
2002,Tunisia,28.21,4.82,24
2002,Argentina,29.58,4.72,24
2002,Japan,26.69,5.19,24
2002,Ireland,28.14,5.06,24
2002,Sweden,29.35,7.96,25
2002,Mexico,29.6,4.33,24
2002,Paraguay,29.96,9.34,24
2002,Brazil,27.86,6.1,24
2002,Uruguay,26.61,4.76,24
2002,Russia,28.66,6.38,24
2002,Croatia,29.55,7.73,24
2002,Germany,28.73,4.34,24
2002,Denmark,29.0,6.73,24
2002,Ecuador,28.65,5.06,24
2002,Slovenia,30.05,6.32,25
2002,United States,29.67,5.91,24
2002,Turkey,28.95,5.27,24
2002,Portugal,29.2,5.47,24
2006,Ghana,26.59,7.57,24
2006,Angola,27.44,5.35,24
2006,Togo,27.5,9.11,24
2006,Ecuador,27.75,5.27,24
2006,Paraguay,28.75,8.67,24
2006,Croatia,28.84,5.34,24
2006,France,30.17,6.0,24
2006,Tunisia,28.96,8.71,24
2006,Trinidad and Tobago,30.83,8.18,24
2006,Australia,29.76,7.02,24
2006,Spain,27.88,9.13,24
2006,Portugal,29.58,6.62,24
2006,Serbia and Montenegro,29.62,7.19,24
2006,Costa Rica,28.61,5.38,24
2006,Cote d'Ivoire,27.3,7.34,24
2006,Czechia,30.43,8.19,24
2006,Sweden,29.26,6.99,24
2006,Switzerland,27.16,8.31,24
2006,Mexico,28.92,6.6,24
2006,Argentina,27.82,7.08,24
2006,Italy,29.92,6.68,24
2006,South Korea,27.81,7.46,24
2006,Ukraine,27.55,6.63,24
2006,England,27.12,7.69,24
2006,Netherlands,27.59,5.33,24
2006,Japan,28.79,5.45,24
2006,United States,29.71,6.47,24
2006,Saudi Arabia,27.77,5.46,24
2006,Iran,27.86,6.46,24
2006,Brazil,30.17,7.72,24
2006,Germany,27.45,5.59,24
2006,Poland,28.21,5.97,24
2010,Portugal,29.42,6.42,24
2010,Mexico,28.54,6.76,24
2010,Algeria,28.23,8.11,24
2010,Argentina,28.51,6.15,24
2010,Chile,27.52,6.29,24
2010,Honduras,29.28,6.03,24
2010,France,29.3,6.65,24
2010,Switzerland,28.55,7.8,24
2010,Slovakia,27.3,4.96,24
2010,United States,28.29,6.13,24
2010,Nigeria,27.71,7.8,24
2010,Slovenia,28.05,5.39,24
2010,New Zealand,28.73,6.12,24
2010,Cameroon,26.42,6.05,24
2010,Greece,29.88,9.4,24
2010,Uruguay,28.57,8.0,24
2010,Australia,30.05,6.16,24
2010,Serbia,27.87,7.63,24
2010,Brazil,29.86,4.32,24
2010,North Korea,26.45,6.6,24
2010,Ghana,25.81,7.48,24
2010,Japan,29.28,6.09,24
2010,Denmark,29.65,7.72,24
2010,Netherlands,29.32,7.24,24
2010,Paraguay,29.5,5.09,24
2010,South Korea,28.71,6.95,24
2010,Cote d'Ivoire,28.52,7.49,24
2010,Spain,27.71,7.32,24
2010,South Africa,28.95,8.52,24
2010,Italy,30.1,7.63,24
2010,England,30.37,7.81,24
2010,Germany,26.36,6.26,24
2014,United States,28.7,6.18,24
2014,Costa Rica,28.86,7.62,24
2014,Chile,29.06,5.91,24
2014,Argentina,30.17,6.7,24
2014,Netherlands,27.95,8.17,24
2014,Honduras,29.61,6.31,24
2014,Ghana,26.64,6.41,24
2014,Uruguay,30.13,8.54,24
2014,England,28.16,8.8,27
2014,Germany,27.33,6.8,24
2014,Russia,29.13,8.85,24
2014,Bosnia-Herzegovina,28.37,7.29,24
2014,Spain,29.69,7.67,24
2014,Switzerland,27.68,8.48,24
2014,Italy,29.08,7.03,24
2014,Nigeria,26.71,6.67,24
2014,Belgium,26.73,5.23,24
2014,Portugal,29.18,4.54,24
2014,Cameroon,28.22,8.79,24
2014,Algeria,28.05,7.73,24
2014,Croatia,27.97,5.19,24
2014,France,27.59,5.19,24
2014,Colombia,29.0,8.81,24
2014,Mexico,28.02,5.33,24
2014,Cote d'Ivoire,28.42,5.07,24
2014,Ecuador,28.93,6.9,24
2014,Greece,29.76,7.44,24
2014,Brazil,29.88,8.13,24
2014,South Korea,26.96,4.55,24
2014,Japan,28.62,7.39,24
2014,Iran,29.83,7.4,24
2014,Australia,27.27,5.99,24
2018,Japan,29.99,7.61,24
2018,Brazil,29.75,6.57,24
2018,Russia,29.88,6.6,24
2018,Serbia,27.46,5.67,24
2018,Poland,29.62,7.36,24
2018,Mexico,30.37,7.15,24
2018,Spain,29.36,5.55,24
2018,Uruguay,29.89,9.63,24
2018,Saudi Arabia,29.58,5.49,24
2018,Germany,28.4,6.94,24
2018,Nigeria,27.55,8.51,24
2018,Senegal,27.59,4.51,24
2018,Iceland,29.48,6.06,24
2018,France,26.98,6.0,24
2018,England,26.92,5.44,24
2018,Egypt,30.35,8.3,24
2018,Australia,29.68,8.64,24
2018,Belgium,28.27,4.6,24
2018,Panama,30.23,8.49,24
2018,Iran,28.78,8.34,24
2018,South Korea,28.58,4.79,24
2018,Peru,28.78,7.4,24
2018,Portugal,29.8,8.55,24
2018,Sweden,29.35,6.16,24
2018,Argentina,30.68,6.7,24
2018,Switzerland,28.3,6.54,24
2018,Croatia,28.86,5.8,24
2018,Costa Rica,30.73,5.8,24
2018,Morocco,28.13,6.33,24
2018,Colombia,30.04,8.79,24
2018,Tunisia,27.7,6.52,24
2018,Denmark,28.67,8.23,24
2022,Senegal,26.74,5.29,27
2022,Tunisia,28.9,5.61,27
2022,Qatar,27.77,5.26,27
2022,Brazil,29.19,7.73,27
2022,France,27.64,6.84,27
2022,South Korea,28.63,5.79,27
2022,Japan,28.73,6.52,27
2022,Portugal,28.36,9.06,27
2022,Morocco,26.98,5.38,27
2022,Poland,28.06,6.37,27
2022,Wales,27.19,5.81,27
2022,Uruguay,28.55,6.13,27
2022,Cameroon,27.06,4.94,27
2022,England,27.43,5.87,27
2022,Saudi Arabia,28.33,5.99,27
2022,Canada,27.78,5.8,27
2022,Mexico,29.65,7.4,27
2022,Germany,27.98,7.15,27
2022,Australia,28.32,7.34,27
2022,Argentina,28.42,5.24,27
2022,Costa Rica,28.52,8.65,27
2022,Belgium,28.65,6.11,27
2022,Serbia,28.01,6.62,27
2022,Denmark,28.06,5.64,27
2022,Netherlands,28.32,9.43,27
2022,Ghana,25.65,5.68,27
2022,Croatia,28.48,6.65,27
2022,Iran,30.5,8.11,26
2022,Ecuador,26.86,7.85,27
2022,United States,25.99,5.86,27
2022,Spain,26.37,6.8,27
2022,Switzerland,27.83,5.24,27
2026,Czech Republic,27.62,4.04,26
2026,Mexico,27.9,4.55,26
2026,South Africa,26.81,4.17,26
2026,South Korea,28.07,3.7,26
2026,Bosnia and Herzegovina,26.42,4.8,26
2026,Canada,27.0,3.2,26
2026,Qatar,29.51,4.81,26
2026,Switzerland,28.31,3.7,26
2026,Brazil,29.36,4.55,26
2026,Haiti,27.58,3.99,26
2026,Morocco,26.39,4.55,26
2026,Scotland,29.2,4.85,26
2026,Australia,27.36,4.8,26
2026,Paraguay,29.03,4.52,26
2026,Turkey,27.67,3.83,26
2026,United States,26.9,3.41,26
2026,Curacao,28.02,3.99,26
2026,Ecuador,26.08,4.36,26
2026,Germany,28.05,4.69,26
2026,Ivory Coast,25.85,3.71,26
2026,Japan,27.75,4.06,26
2026,Netherlands,27.77,3.74,26
2026,Sweden,27.56,3.41,26
2026,Tunisia,26.64,3.89,26
2026,Belgium,27.61,4.97,26
2026,Egypt,29.06,4.27,26
2026,Iran,30.33,4.23,26
2026,New Zealand,28.12,4.54,26
2026,Cape Verde,29.68,4.66,26
2026,Saudi Arabia,28.52,3.55,26
2026,Spain,26.75,3.81,26
2026,Uruguay,28.74,3.19,26
2026,France,27.0,3.74,26
2026,Iraq,26.91,3.7,26
2026,Norway,26.8,3.09,26
2026,Senegal,27.09,5.32,26
2026,Algeria,26.85,3.53,26
2026,Argentina,29.12,4.37,25
2026,Austria,28.61,3.66,25
2026,Jordan,28.77,3.87,25
2026,Colombia,30.09,3.8,26
2026,DR Congo,29.07,3.57,26
2026,Portugal,28.04,4.18,26
2026,Uzbekistan,28.51,4.19,26
2026,Croatia,28.33,4.78,26
2026,England,27.14,3.98,26
2026,Ghana,26.98,3.99,26
2026,Panama,30.43,3.7,26
