team,home_temp_c,home_humidity
Algeria,30,50
Argentina,24,60
Australia,24,55
Austria,22,60
Belgium,19,70
Bolivia,18,45
Bosnia and Herzegovina,24,55
Brazil,28,70
Cameroon,29,80
Canada,20,60
Cape Verde,27,70
Chile,20,60
China PR,28,65
Colombia,24,65
Costa Rica,24,80
Croatia,26,60
Curacao,29,75
Czech Republic,21,60
DR Congo,30,75
Denmark,19,70
Ecuador,18,75
Egypt,33,45
England,18,70
France,23,60
Germany,21,65
Ghana,30,80
Haiti,30,75
Honduras,28,70
Iran,33,30
Iraq,40,25
Italy,28,60
Ivory Coast,30,80
Jamaica,30,75
Japan,28,70
Jordan,30,40
Mexico,22,50
Morocco,28,55
Netherlands,19,75
New Zealand,18,70
Nigeria,31,75
Norway,17,70
Panama,30,80
Paraguay,28,60
Peru,20,80
Poland,21,65
Portugal,26,60
Qatar,40,60
Saudi Arabia,38,35
Scotland,16,75
Senegal,30,70
Serbia,24,55
South Africa,22,55
South Korea,27,70
Spain,30,40
Sweden,19,65
Switzerland,22,65
Tunisia,32,55
Turkey,28,55
Ukraine,23,60
United States,26,60
Uruguay,22,70
Uzbekistan,33,40
Venezuela,28,75
Wales,17,75
