team,confederation,home_altitude_m
Algeria,CAF,25
Argentina,CONMEBOL,25
Australia,AFC,20
Austria,UEFA,190
Belgium,UEFA,30
Bolivia,CONMEBOL,3640
Bosnia and Herzegovina,UEFA,510
Brazil,CONMEBOL,700
Cameroon,CAF,700
Canada,CONCACAF,80
Cape Verde,CAF,30
Chile,CONMEBOL,570
China PR,AFC,50
Colombia,CONMEBOL,18
Costa Rica,CONCACAF,1170
Croatia,UEFA,120
Curacao,CONCACAF,5
Czech Republic,UEFA,200
DR Congo,CAF,280
Denmark,UEFA,10
Ecuador,CONMEBOL,2850
Egypt,CAF,70
England,UEFA,30
France,UEFA,35
Germany,UEFA,150
Ghana,CAF,60
Haiti,CONCACAF,30
Honduras,CONCACAF,990
Iran,AFC,1200
Iraq,AFC,34
Italy,UEFA,90
Ivory Coast,CAF,50
Jamaica,CONCACAF,10
Japan,AFC,40
Jordan,AFC,770
Mexico,CONCACAF,2240
Morocco,CAF,250
Netherlands,UEFA,5
New Zealand,OFC,20
Nigeria,CAF,480
Norway,UEFA,20
Panama,CONCACAF,10
Paraguay,CONMEBOL,130
Peru,CONMEBOL,150
Poland,UEFA,110
Portugal,UEFA,100
Qatar,AFC,10
Saudi Arabia,AFC,610
Scotland,UEFA,50
Senegal,CAF,20
Serbia,UEFA,120
South Africa,CAF,1750
South Korea,AFC,40
Spain,UEFA,660
Sweden,UEFA,20
Switzerland,UEFA,430
Tunisia,CAF,10
Turkey,UEFA,120
Ukraine,UEFA,180
United States,CONCACAF,150
Uruguay,CONMEBOL,40
Uzbekistan,AFC,450
Venezuela,CONMEBOL,900
Wales,UEFA,30
