city,country,lat,lon
Arlington,United States,32.75,-97.08
Atlanta,United States,33.76,-84.4
East Rutherford,United States,40.81,-74.07
Foxborough,United States,42.09,-71.26
Guadalupe,Mexico,25.67,-100.24
Houston,United States,29.68,-95.41
Inglewood,United States,33.95,-118.34
Kansas City,United States,39.05,-94.48
Mexico City,Mexico,19.3,-99.15
Miami Gardens,United States,25.96,-80.24
Philadelphia,United States,39.9,-75.17
Santa Clara,United States,37.4,-121.97
Seattle,United States,47.6,-122.33
Toronto,Canada,43.63,-79.42
Vancouver,Canada,49.28,-123.11
Zapopan,Mexico,20.68,-103.46
