city,country,altitude_m
Addis Ababa,Ethiopia,2355
Arlington,United States,184
Atlanta,United States,320
Barranquilla,Colombia,18
Bogota,Colombia,2640
Cuenca,Ecuador,2560
Cusco,Peru,3400
East Rutherford,United States,3
El Alto,Bolivia,4090
Foxborough,United States,70
Guadalupe,Mexico,500
Houston,United States,24
Inglewood,United States,30
Johannesburg,South Africa,1753
Kansas City,United States,270
La Paz,Bolivia,3640
Lima,Peru,150
Madrid,Spain,660
Mexico City,Mexico,2240
Miami Gardens,United States,3
Pachuca,Mexico,2400
Philadelphia,United States,12
Quito,Ecuador,2850
San Jose,Costa Rica,1170
Santa Clara,United States,9
Seattle,United States,5
Sucre,Bolivia,2810
Tehran,Iran,1200
Toluca,Mexico,2660
Toronto,Canada,80
Vancouver,Canada,5
Zapopan,Mexico,1566
